group,income,weight
29歳以下,379.0,0.87
29歳以下,351.2,0.9267
29歳以下,346.5,1.0866
29歳以下,314.4,1.0867
29歳以下,287.0,0.974
29歳以下,183.3,0.9793
29歳以下,267.5,1.0848
29歳以下,275.5,0.8328
29歳以下,231.3,0.8389
29歳以下,295.2,0.9422
29歳以下,365.9,1.018
29歳以下,642.6,1.0966
29歳以下,335.3,1.2713
29歳以下,346.1,1.1786
29歳以下,305.1,1.026
29歳以下,151.4,1.0471
29歳以下,179.9,0.9654
29歳以下,310.7,0.8996
29歳以下,270.4,1.1119
29歳以下,240.3,0.9262
29歳以下,280.1,1.1393
29歳以下,324.9,0.9273
29歳以下,147.5,1.3639
29歳以下,288.7,0.8991
29歳以下,359.4,0.8679
29歳以下,550.3,1.2237
29歳以下,257.7,1.1687
29歳以下,230.8,1.1436
29歳以下,259.3,1.1443
29歳以下,444.4,1.0482
29歳以下,355.6,0.9154
29歳以下,256.6,1.0614
29歳以下,381.4,0.9484
29歳以下,325.6,1.1963
29歳以下,453.4,1.0279
29歳以下,277.1,1.0018
29歳以下,324.4,1.0645
29歳以下,321.1,1.0472
29歳以下,291.7,1.0984
29歳以下,1373.8,0.9288
29歳以下,233.0,0.924
29歳以下,277.7,0.9601
29歳以下,427.5,0.7314
29歳以下,196.6,0.9711
29歳以下,342.1,0.9361
29歳以下,515.7,1.0726
29歳以下,170.4,1.1013
29歳以下,336.6,1.3314
29歳以下,346.4,1.1926
29歳以下,422.4,0.9635
29歳以下,196.1,0.9152
29歳以下,190.0,1.1238
29歳以下,382.7,0.852
29歳以下,351.3,1.3247
29歳以下,375.7,1.0775
29歳以下,800.2,1.0067
29歳以下,209.6,1.1808
29歳以下,174.1,1.373
29歳以下,351.9,0.9259
29歳以下,309.7,1.1279
29歳以下,201.3,1.2799
29歳以下,484.5,1.0337
29歳以下,417.6,1.1103
29歳以下,423.9,1.1535
29歳以下,222.1,0.9898
29歳以下,534.8,1.0836
29歳以下,184.2,1.0519
29歳以下,392.2,1.0647
29歳以下,721.4,0.934
29歳以下,215.4,1.0537
29歳以下,253.1,1.1247
29歳以下,325.9,1.2677
29歳以下,259.2,1.1939
29歳以下,322.1,0.9349
29歳以下,428.9,1.0305
29歳以下,221.3,1.3785
29歳以下,568.7,1.0035
29歳以下,547.7,1.0121
29歳以下,288.0,0.8628
29歳以下,322.0,1.2949
29歳以下,182.6,0.8355
29歳以下,255.2,0.984
29歳以下,327.3,1.0696
29歳以下,202.6,1.2662
29歳以下,362.0,0.8346
29歳以下,249.8,1.2245
29歳以下,280.9,1.0515
29歳以下,249.7,0.9028
29歳以下,634.4,1.1193
29歳以下,312.2,1.0799
29歳以下,209.9,0.96
29歳以下,429.0,1.0605
29歳以下,183.5,0.8963
29歳以下,197.3,0.9922
29歳以下,222.2,0.5638
29歳以下,213.6,0.911
29歳以下,116.0,1.0986
29歳以下,297.7,0.9998
29歳以下,401.4,0.9788
29歳以下,559.8,0.952
29歳以下,287.1,1.3148
29歳以下,287.1,1.1107
29歳以下,571.9,0.8609
29歳以下,420.1,1.1877
29歳以下,385.7,1.2049
29歳以下,263.1,0.8221
29歳以下,262.9,0.9774
29歳以下,344.0,1.24
29歳以下,151.7,0.9438
29歳以下,162.9,1.1166
29歳以下,253.4,1.1662
29歳以下,353.6,1.0411
29歳以下,339.7,1.067
29歳以下,262.5,1.3683
29歳以下,189.4,1.2879
29歳以下,355.9,1.1621
29歳以下,454.6,1.1416
29歳以下,261.6,1.0469
29歳以下,292.4,1.0676
29歳以下,206.1,1.2416
29歳以下,199.2,0.9613
29歳以下,3407.0,1.1321
29歳以下,525.4,1.0197
29歳以下,305.3,1.0173
29歳以下,360.0,1.1738
29歳以下,245.6,1.172
29歳以下,360.0,1.2458
29歳以下,563.0,1.0532
29歳以下,149.0,1.1493
29歳以下,309.6,1.1523
29歳以下,279.0,0.966
29歳以下,1516.2,0.9257
29歳以下,459.5,1.2148
29歳以下,464.3,1.1719
29歳以下,447.1,1.1444
29歳以下,338.2,0.8643
29歳以下,334.9,0.7572
29歳以下,300.3,1.0272
29歳以下,178.9,1.0921
29歳以下,238.7,0.9566
29歳以下,263.4,1.0188
29歳以下,279.9,1.1382
29歳以下,415.5,1.37
29歳以下,357.6,0.9616
29歳以下,160.6,1.1774
29歳以下,354.9,1.1036
29歳以下,1919.8,0.9461
29歳以下,242.6,1.1849
29歳以下,395.9,1.0961
29歳以下,469.0,0.976
30〜39歳,410.4,1.1047
30〜39歳,401.0,0.8464
30〜39歳,414.0,0.9323
30〜39歳,567.1,1.0293
30〜39歳,451.9,1.2257
30〜39歳,575.2,0.8262
30〜39歳,1946.8,0.8775
30〜39歳,461.0,0.9398
30〜39歳,580.8,1.078
30〜39歳,381.9,0.7361
30〜39歳,547.7,1.085
30〜39歳,510.4,1.0528
30〜39歳,414.6,1.0292
30〜39歳,1387.2,1.2216
30〜39歳,1176.7,0.8716
30〜39歳,709.6,0.8169
30〜39歳,429.2,0.917
30〜39歳,815.1,0.9945
30〜39歳,209.1,0.9711
30〜39歳,322.3,1.0422
30〜39歳,224.3,0.8498
30〜39歳,1381.5,1.1733
30〜39歳,496.0,0.9901
30〜39歳,627.1,0.9334
30〜39歳,995.2,1.1341
30〜39歳,564.6,1.0411
30〜39歳,412.4,0.9881
30〜39歳,352.2,0.9921
30〜39歳,548.9,1.0299
30〜39歳,901.7,1.0453
30〜39歳,607.4,1.0442
30〜39歳,448.9,1.0548
30〜39歳,326.4,0.9528
30〜39歳,513.1,1.0034
30〜39歳,674.8,1.1534
30〜39歳,244.1,1.0229
30〜39歳,618.3,1.0056
30〜39歳,372.6,0.8368
30〜39歳,625.4,1.0896
30〜39歳,357.2,1.0775
30〜39歳,230.6,1.2596
30〜39歳,248.4,0.9631
30〜39歳,1350.7,1.0263
30〜39歳,336.6,1.1893
30〜39歳,643.5,0.9886
30〜39歳,244.9,1.0335
30〜39歳,478.7,1.0729
30〜39歳,295.9,1.0224
30〜39歳,374.3,0.9464
30〜39歳,502.0,1.0233
30〜39歳,342.9,1.1288
30〜39歳,418.8,0.8768
30〜39歳,751.0,1.016
30〜39歳,386.3,0.916
30〜39歳,699.1,1.1434
30〜39歳,306.2,0.8172
30〜39歳,614.8,0.9329
30〜39歳,174.3,1.1879
30〜39歳,697.2,1.0684
30〜39歳,480.8,0.9663
30〜39歳,543.3,1.0771
30〜39歳,233.2,0.9703
30〜39歳,922.5,0.9182
30〜39歳,647.8,0.8798
30〜39歳,553.6,1.2157
30〜39歳,306.8,1.0769
30〜39歳,1374.7,0.9315
30〜39歳,519.6,1.0687
30〜39歳,515.3,1.1679
30〜39歳,667.5,1.111
30〜39歳,602.3,1.0072
30〜39歳,540.7,0.9224
30〜39歳,353.1,1.0838
30〜39歳,291.8,0.755
30〜39歳,599.9,1.0472
30〜39歳,866.0,1.0762
30〜39歳,961.0,1.1259
30〜39歳,397.1,0.9358
30〜39歳,324.8,1.1581
30〜39歳,466.8,1.0237
30〜39歳,503.8,1.249
30〜39歳,779.3,0.9173
30〜39歳,241.8,1.2083
30〜39歳,935.6,1.0237
30〜39歳,460.6,0.9218
30〜39歳,411.4,0.9419
30〜39歳,675.9,0.902
30〜39歳,1084.9,1.1074
30〜39歳,355.6,1.025
30〜39歳,1082.5,1.0032
30〜39歳,585.5,0.9735
30〜39歳,680.3,1.1595
30〜39歳,264.5,1.0236
30〜39歳,795.7,1.0851
30〜39歳,567.3,0.9892
30〜39歳,413.4,1.1728
30〜39歳,642.0,0.9188
30〜39歳,1277.3,1.2161
30〜39歳,531.2,0.9952
30〜39歳,546.2,0.8283
30〜39歳,405.8,1.0154
30〜39歳,344.4,0.9183
30〜39歳,697.5,1.1009
30〜39歳,343.5,0.9217
30〜39歳,507.2,0.9465
30〜39歳,402.7,0.7733
30〜39歳,601.8,0.9457
30〜39歳,566.2,0.7091
30〜39歳,760.9,0.8099
30〜39歳,397.3,1.0912
30〜39歳,439.4,1.0943
30〜39歳,326.3,1.0511
30〜39歳,408.4,0.884
30〜39歳,576.7,0.9943
30〜39歳,676.4,0.9996
30〜39歳,334.1,0.861
30〜39歳,709.1,1.1804
30〜39歳,869.7,1.1053
30〜39歳,194.4,1.0537
30〜39歳,386.3,1.1448
30〜39歳,347.2,1.1403
30〜39歳,445.2,0.9799
30〜39歳,874.5,0.8926
30〜39歳,328.2,0.9776
30〜39歳,656.5,0.9472
30〜39歳,767.6,1.1736
30〜39歳,235.1,1.0236
30〜39歳,299.4,1.1238
30〜39歳,209.0,0.8217
30〜39歳,439.5,1.032
30〜39歳,665.2,1.1068
30〜39歳,925.0,1.0099
30〜39歳,507.7,1.1279
30〜39歳,975.4,0.9379
30〜39歳,645.4,1.1507
30〜39歳,275.7,1.1691
30〜39歳,480.8,0.9565
30〜39歳,578.3,0.9465
30〜39歳,485.4,1.1744
30〜39歳,206.5,1.1895
30〜39歳,474.1,0.9373
30〜39歳,284.6,0.9496
30〜39歳,652.0,0.9662
30〜39歳,574.1,0.8387
30〜39歳,331.6,0.8898
30〜39歳,396.6,0.8795
30〜39歳,315.4,0.9079
30〜39歳,479.4,0.9958
30〜39歳,240.7,1.2759
30〜39歳,740.1,0.9426
30〜39歳,443.3,1.0267
30〜39歳,1028.7,0.9629
30〜39歳,336.2,1.0176
30〜39歳,807.7,0.9911
30〜39歳,404.1,1.0745
30〜39歳,239.7,1.0213
30〜39歳,869.1,0.8398
30〜39歳,469.0,1.0456
30〜39歳,827.7,1.0733
30〜39歳,251.9,1.0672
30〜39歳,382.6,1.1297
30〜39歳,493.2,1.1001
30〜39歳,502.0,1.0551
30〜39歳,407.4,0.9916
30〜39歳,639.3,0.8007
30〜39歳,314.3,1.0516
30〜39歳,463.6,1.0249
30〜39歳,517.7,1.0326
30〜39歳,1896.7,0.8468
30〜39歳,663.6,0.8703
30〜39歳,306.9,1.1264
30〜39歳,258.4,0.9953
30〜39歳,841.7,1.0818
30〜39歳,565.9,1.0034
30〜39歳,359.4,1.0036
30〜39歳,944.1,1.1126
30〜39歳,516.7,0.9381
30〜39歳,506.3,0.9445
30〜39歳,1169.5,0.9479
30〜39歳,735.1,1.0281
30〜39歳,325.3,1.1861
30〜39歳,807.6,1.0115
30〜39歳,393.9,1.1181
30〜39歳,270.8,1.2412
30〜39歳,375.1,0.9788
30〜39歳,312.5,0.9042
30〜39歳,999.6,0.8345
30〜39歳,712.7,0.9123
30〜39歳,490.5,0.996
30〜39歳,916.3,1.2153
30〜39歳,508.4,0.9379
30〜39歳,342.8,1.0269
30〜39歳,933.1,0.998
30〜39歳,617.2,1.1426
30〜39歳,318.3,1.3032
30〜39歳,358.2,1.079
30〜39歳,454.3,0.9363
30〜39歳,726.2,1.0818
30〜39歳,1097.5,1.2216
30〜39歳,2441.8,1.0701
30〜39歳,623.4,0.9569
30〜39歳,374.5,1.0709
30〜39歳,401.1,1.133
30〜39歳,383.7,1.0985
30〜39歳,342.4,1.0609
30〜39歳,502.3,1.128
30〜39歳,551.4,1.1659
30〜39歳,608.2,0.8802
30〜39歳,481.9,1.0778
30〜39歳,275.3,1.1253
30〜39歳,536.1,1.0401
30〜39歳,340.7,0.9413
30〜39歳,329.5,0.9535
30〜39歳,352.8,0.9743
30〜39歳,470.5,0.9941
30〜39歳,250.7,1.0343
30〜39歳,318.6,1.081
30〜39歳,390.0,0.8653
30〜39歳,297.6,1.0459
30〜39歳,1123.2,1.02
30〜39歳,499.5,1.0591
30〜39歳,538.4,1.2946
30〜39歳,469.5,0.9235
30〜39歳,448.5,0.9363
30〜39歳,637.0,0.9252
30〜39歳,676.5,0.9333
30〜39歳,366.8,1.0347
30〜39歳,1535.4,1.0244
30〜39歳,386.4,1.1427
30〜39歳,438.5,1.1705
30〜39歳,187.2,0.9315
30〜39歳,260.4,0.9001
30〜39歳,873.8,1.0566
30〜39歳,982.1,0.9337
30〜39歳,443.3,1.076
30〜39歳,787.6,1.2155
30〜39歳,560.9,0.8181
30〜39歳,1793.5,1.1857
30〜39歳,466.4,0.9265
30〜39歳,393.9,0.9235
40〜49歳,338.2,0.9192
40〜49歳,1441.7,1.1097
40〜49歳,682.9,0.9505
40〜49歳,468.7,0.8801
40〜49歳,463.3,0.9295
40〜49歳,363.8,0.9777
40〜49歳,475.3,0.7678
40〜49歳,827.7,0.8793
40〜49歳,656.9,1.1117
40〜49歳,659.4,1.094
40〜49歳,1207.5,1.0138
40〜49歳,682.0,1.1118
40〜49歳,529.1,0.9968
40〜49歳,973.1,1.0641
40〜49歳,466.8,0.9682
40〜49歳,562.9,1.0347
40〜49歳,657.8,0.9776
40〜49歳,472.9,0.9433
40〜49歳,498.9,1.0988
40〜49歳,714.6,0.9447
40〜49歳,1782.2,0.8621
40〜49歳,1004.4,1.0124
40〜49歳,602.5,0.8896
40〜49歳,607.3,1.0204
40〜49歳,1144.5,0.9561
40〜49歳,592.0,0.9368
40〜49歳,862.9,1.1321
40〜49歳,743.5,1.1017
40〜49歳,373.3,0.9478
40〜49歳,1729.5,1.1415
40〜49歳,439.0,0.8878
40〜49歳,733.0,0.9408
40〜49歳,779.9,1.0798
40〜49歳,831.3,0.9994
40〜49歳,954.7,1.1673
40〜49歳,789.5,1.038
40〜49歳,295.9,0.8954
40〜49歳,566.6,1.0285
40〜49歳,455.8,1.0653
40〜49歳,626.4,0.9868
40〜49歳,676.4,1.1081
40〜49歳,733.7,0.9353
40〜49歳,616.2,0.9156
40〜49歳,914.1,1.088
40〜49歳,835.6,1.0719
40〜49歳,1218.7,0.8362
40〜49歳,2850.0,0.9913
40〜49歳,1031.9,1.0948
40〜49歳,302.4,0.9374
40〜49歳,343.3,0.9335
40〜49歳,847.6,0.9132
40〜49歳,638.9,1.0126
40〜49歳,409.1,1.083
40〜49歳,700.3,0.9396
40〜49歳,309.8,1.239
40〜49歳,746.9,1.0987
40〜49歳,1442.5,1.0786
40〜49歳,349.0,0.9613
40〜49歳,676.7,1.0228
40〜49歳,413.0,0.8738
40〜49歳,388.1,0.9465
40〜49歳,830.3,1.0252
40〜49歳,410.3,1.1212
40〜49歳,993.8,0.9824
40〜49歳,408.9,0.8732
40〜49歳,313.0,1.1863
40〜49歳,983.6,1.0224
40〜49歳,1223.1,0.8845
40〜49歳,581.4,0.972
40〜49歳,619.0,1.0001
40〜49歳,2029.6,1.0775
40〜49歳,445.5,0.9541
40〜49歳,449.1,1.1511
40〜49歳,1001.1,1.075
40〜49歳,892.9,0.8732
40〜49歳,601.0,0.8746
40〜49歳,685.5,0.8184
40〜49歳,559.2,1.06
40〜49歳,349.5,0.9696
40〜49歳,704.2,0.9497
40〜49歳,2979.8,0.9451
40〜49歳,688.1,0.9577
40〜49歳,1126.4,1.1638
40〜49歳,557.4,1.0167
40〜49歳,390.1,1.0608
40〜49歳,853.2,0.9264
40〜49歳,772.6,0.9781
40〜49歳,1065.1,1.0886
40〜49歳,277.0,0.9631
40〜49歳,388.1,1.0962
40〜49歳,340.2,0.9048
40〜49歳,594.8,1.0753
40〜49歳,1017.5,0.9663
40〜49歳,474.1,1.1174
40〜49歳,747.5,1.0311
40〜49歳,2085.9,0.7969
40〜49歳,814.4,0.987
40〜49歳,564.1,0.9146
40〜49歳,616.0,0.7097
40〜49歳,669.4,1.0801
40〜49歳,948.1,0.999
40〜49歳,642.9,1.0301
40〜49歳,770.9,1.0038
40〜49歳,239.5,0.8873
40〜49歳,983.9,1.0478
40〜49歳,2112.1,1.0083
40〜49歳,1138.4,0.8865
40〜49歳,425.4,1.0539
40〜49歳,717.9,1.091
40〜49歳,452.4,1.0435
40〜49歳,654.9,1.0289
40〜49歳,367.2,1.0151
40〜49歳,478.2,0.998
40〜49歳,404.2,1.0314
40〜49歳,315.2,1.021
40〜49歳,493.3,0.9122
40〜49歳,541.5,1.1739
40〜49歳,1363.6,0.9926
40〜49歳,837.6,0.8454
40〜49歳,1605.0,1.0671
40〜49歳,1394.8,0.9325
40〜49歳,1370.3,1.0387
40〜49歳,587.1,0.88
40〜49歳,459.6,1.0415
40〜49歳,750.7,0.9559
40〜49歳,257.7,1.17
40〜49歳,612.5,0.954
40〜49歳,336.5,1.0313
40〜49歳,696.9,0.9365
40〜49歳,422.1,1.0509
40〜49歳,826.0,0.999
40〜49歳,667.6,1.0132
40〜49歳,946.0,1.0473
40〜49歳,833.5,0.9709
40〜49歳,466.1,1.0647
40〜49歳,781.8,0.7627
40〜49歳,1391.5,0.968
40〜49歳,369.6,1.0907
40〜49歳,1134.0,0.8825
40〜49歳,765.8,0.9667
40〜49歳,628.4,0.9265
40〜49歳,1849.4,1.0099
40〜49歳,774.7,0.8039
40〜49歳,555.2,0.962
40〜49歳,519.9,0.8841
40〜49歳,1099.7,0.9574
40〜49歳,355.4,1.0382
40〜49歳,385.2,1.1021
40〜49歳,545.7,1.1654
40〜49歳,289.6,0.8776
40〜49歳,756.1,0.9428
40〜49歳,1093.6,1.0431
40〜49歳,919.4,0.9678
40〜49歳,543.7,0.9717
40〜49歳,827.9,0.7933
40〜49歳,1105.7,0.9083
40〜49歳,637.2,0.9606
40〜49歳,473.4,0.8658
40〜49歳,173.9,1.1313
40〜49歳,500.5,1.1278
40〜49歳,630.9,1.0889
40〜49歳,667.9,1.1343
40〜49歳,1035.6,1.1572
40〜49歳,785.7,0.9772
40〜49歳,768.5,0.6928
40〜49歳,1675.9,0.863
40〜49歳,556.0,0.9267
40〜49歳,549.0,1.0314
40〜49歳,802.9,1.1685
40〜49歳,549.2,0.8205
40〜49歳,1285.8,0.9652
40〜49歳,529.5,1.0123
40〜49歳,315.1,0.8032
40〜49歳,513.7,0.9941
40〜49歳,1019.5,0.868
40〜49歳,357.3,0.9311
40〜49歳,953.3,0.9334
40〜49歳,719.6,1.1461
40〜49歳,726.8,0.9888
40〜49歳,773.4,1.0496
40〜49歳,299.2,0.8382
40〜49歳,572.7,1.0733
40〜49歳,402.7,1.0025
40〜49歳,854.9,0.94
40〜49歳,681.3,1.1527
40〜49歳,2132.3,0.9427
40〜49歳,868.3,0.8274
40〜49歳,788.0,1.0522
40〜49歳,2900.3,0.8913
40〜49歳,637.5,1.022
40〜49歳,204.2,1.2993
40〜49歳,820.0,1.0448
40〜49歳,783.6,0.9015
40〜49歳,556.4,0.9044
40〜49歳,1427.2,0.9363
40〜49歳,809.2,1.0755
40〜49歳,516.2,1.1063
40〜49歳,366.8,1.2358
40〜49歳,483.5,0.9347
40〜49歳,1216.4,0.963
40〜49歳,1271.6,0.9797
40〜49歳,312.2,0.8982
40〜49歳,870.3,0.9249
40〜49歳,968.0,1.0578
40〜49歳,1329.9,0.9248
40〜49歳,595.5,1.0393
40〜49歳,1058.9,1.1008
40〜49歳,522.0,1.1862
40〜49歳,1398.8,1.1806
40〜49歳,1043.6,1.1342
40〜49歳,714.8,0.9985
40〜49歳,328.7,0.9236
40〜49歳,633.4,1.0824
40〜49歳,572.3,0.9343
40〜49歳,495.2,0.9679
40〜49歳,623.8,1.0269
40〜49歳,562.2,0.879
40〜49歳,890.1,0.7437
40〜49歳,848.6,1.0704
40〜49歳,366.5,1.0237
40〜49歳,1114.3,0.6879
40〜49歳,1004.5,0.8728
40〜49歳,1213.9,1.0419
40〜49歳,576.2,0.9886
40〜49歳,1354.4,0.9433
40〜49歳,782.8,0.9976
40〜49歳,747.4,1.0493
40〜49歳,750.0,1.0229
40〜49歳,626.0,0.9862
40〜49歳,455.7,0.8784
40〜49歳,794.3,0.8972
40〜49歳,741.0,1.0949
40〜49歳,601.7,1.1857
40〜49歳,595.4,0.9072
40〜49歳,589.0,0.9198
40〜49歳,1012.7,0.9722
40〜49歳,1816.9,1.0683
40〜49歳,1025.9,0.9508
40〜49歳,1372.1,0.9548
40〜49歳,350.8,1.0123
40〜49歳,683.0,0.9821
40〜49歳,480.5,1.1425
40〜49歳,408.6,0.8847
40〜49歳,436.7,0.9317
40〜49歳,1342.5,0.9001
40〜49歳,332.4,0.9154
40〜49歳,389.4,1.1175
40〜49歳,649.3,0.9617
40〜49歳,1041.1,0.9923
40〜49歳,380.5,1.0001
40〜49歳,469.8,0.8237
40〜49歳,381.1,0.9065
40〜49歳,1366.7,0.899
40〜49歳,901.0,1.0102
40〜49歳,903.1,1.1027
40〜49歳,621.2,0.97
40〜49歳,668.5,0.9596
40〜49歳,257.1,0.8922
40〜49歳,982.7,0.8973
40〜49歳,756.1,0.9574
40〜49歳,1020.3,1.0167
40〜49歳,170.1,1.0714
40〜49歳,1684.9,0.8997
40〜49歳,604.6,1.1293
40〜49歳,1073.4,0.9529
40〜49歳,399.6,0.9779
40〜49歳,854.6,0.9053
40〜49歳,660.3,1.0566
40〜49歳,483.9,1.0684
40〜49歳,864.9,1.0965
40〜49歳,397.1,0.7376
40〜49歳,1113.0,0.8185
40〜49歳,1072.1,0.9764
40〜49歳,1045.3,1.0266
40〜49歳,707.2,0.8443
40〜49歳,627.8,1.0094
40〜49歳,1947.6,0.8546
40〜49歳,633.8,0.8802
40〜49歳,690.9,0.9271
40〜49歳,809.8,0.8237
40〜49歳,962.0,1.0316
40〜49歳,712.5,0.9867
40〜49歳,762.6,1.0594
40〜49歳,590.6,0.9519
40〜49歳,1555.0,1.0537
50〜59歳,581.2,1.0983
50〜59歳,836.3,0.816
50〜59歳,749.8,0.7451
50〜59歳,1253.1,0.8857
50〜59歳,908.7,1.134
50〜59歳,2818.2,0.7673
50〜59歳,326.1,1.0835
50〜59歳,674.3,0.7877
50〜59歳,559.4,0.8265
50〜59歳,922.5,0.999
50〜59歳,375.9,0.7369
50〜59歳,1972.6,0.9672
50〜59歳,813.0,0.8745
50〜59歳,819.5,0.9313
50〜59歳,587.9,1.0102
50〜59歳,984.4,0.9692
50〜59歳,866.9,1.0841
50〜59歳,701.7,1.1238
50〜59歳,1279.6,0.9068
50〜59歳,693.7,0.7909
50〜59歳,1233.9,0.9224
50〜59歳,1373.3,0.9812
50〜59歳,444.9,0.8343
50〜59歳,507.2,0.8351
50〜59歳,522.7,0.9913
50〜59歳,1456.1,0.9442
50〜59歳,234.7,0.9539
50〜59歳,1263.1,0.9057
50〜59歳,3642.5,0.859
50〜59歳,596.1,0.8842
50〜59歳,283.4,0.9004
50〜59歳,2273.5,0.8708
50〜59歳,191.1,1.0954
50〜59歳,587.8,1.1509
50〜59歳,800.2,0.8391
50〜59歳,622.8,0.9493
50〜59歳,1636.1,1.0302
50〜59歳,953.8,0.819
50〜59歳,611.0,0.9035
50〜59歳,1023.7,1.0335
50〜59歳,599.0,1.0519
50〜59歳,1311.4,0.9147
50〜59歳,863.5,0.9414
50〜59歳,673.8,0.7679
50〜59歳,899.3,0.9072
50〜59歳,314.8,1.0568
50〜59歳,396.6,1.019
50〜59歳,383.0,1.0101
50〜59歳,767.5,0.956
50〜59歳,1754.1,0.9508
50〜59歳,441.7,0.7861
50〜59歳,2095.0,1.032
50〜59歳,806.9,1.024
50〜59歳,407.9,1.0772
50〜59歳,1051.2,0.903
50〜59歳,254.6,1.0332
50〜59歳,614.0,0.9814
50〜59歳,557.4,0.8465
50〜59歳,515.9,1.0817
50〜59歳,473.0,0.6916
50〜59歳,537.3,0.8869
50〜59歳,279.3,1.009
50〜59歳,924.5,1.0005
50〜59歳,992.8,1.0339
50〜59歳,652.9,0.8925
50〜59歳,692.5,1.0568
50〜59歳,1243.0,0.9448
50〜59歳,934.3,0.7285
50〜59歳,1581.4,0.9425
50〜59歳,501.5,1.0849
50〜59歳,660.9,0.9099
50〜59歳,471.9,1.0178
50〜59歳,607.1,0.8276
50〜59歳,266.2,0.9472
50〜59歳,796.1,0.9291
50〜59歳,713.0,0.977
50〜59歳,465.9,0.9057
50〜59歳,1003.9,0.9342
50〜59歳,1160.2,1.0491
50〜59歳,308.9,0.8976
50〜59歳,479.2,0.7572
50〜59歳,477.6,1.16
50〜59歳,654.6,1.0186
50〜59歳,437.0,1.1158
50〜59歳,644.2,1.0328
50〜59歳,620.9,0.8896
50〜59歳,251.3,0.9816
50〜59歳,991.5,0.9853
50〜59歳,374.0,0.9219
50〜59歳,735.1,0.8559
50〜59歳,823.1,0.8671
50〜59歳,1445.7,0.8401
50〜59歳,360.8,0.8502
50〜59歳,148.2,0.9419
50〜59歳,784.0,0.8641
50〜59歳,1817.2,1.0318
50〜59歳,1357.0,1.1285
50〜59歳,680.5,1.0049
50〜59歳,1096.8,0.7949
50〜59歳,450.4,1.0117
50〜59歳,702.7,0.7663
50〜59歳,855.4,0.9225
50〜59歳,996.6,0.8385
50〜59歳,951.2,0.7704
50〜59歳,746.5,0.872
50〜59歳,643.0,0.94
50〜59歳,658.6,0.776
50〜59歳,643.8,0.8394
50〜59歳,1284.8,0.8295
50〜59歳,970.1,0.9749
50〜59歳,154.4,0.9583
50〜59歳,1002.1,0.8634
50〜59歳,788.4,0.9712
50〜59歳,705.6,0.8844
50〜59歳,582.2,0.9174
50〜59歳,1278.4,1.1508
50〜59歳,1166.2,1.1109
50〜59歳,476.7,0.7941
50〜59歳,1706.3,1.0496
50〜59歳,2085.9,1.0904
50〜59歳,1322.2,1.0757
50〜59歳,1054.7,0.7908
50〜59歳,1080.3,0.9969
50〜59歳,891.9,0.9909
50〜59歳,510.4,1.0162
50〜59歳,826.6,1.0742
50〜59歳,931.9,0.9826
50〜59歳,930.4,0.8399
50〜59歳,1169.6,0.8153
50〜59歳,1115.7,1.1346
50〜59歳,514.3,1.0483
50〜59歳,347.7,0.8122
50〜59歳,429.9,1.0474
50〜59歳,1038.8,1.0721
50〜59歳,673.0,1.0435
50〜59歳,1169.6,1.0024
50〜59歳,714.9,0.818
50〜59歳,655.6,0.907
50〜59歳,1010.2,0.8723
50〜59歳,796.0,1.0393
50〜59歳,481.9,0.9283
50〜59歳,603.6,0.8721
50〜59歳,471.0,1.1086
50〜59歳,1246.8,1.1204
50〜59歳,720.4,0.8779
50〜59歳,1914.9,0.726
50〜59歳,690.4,1.0709
50〜59歳,493.0,0.8678
50〜59歳,324.3,1.0449
50〜59歳,279.0,0.7136
50〜59歳,312.6,1.0571
50〜59歳,756.4,0.9204
50〜59歳,818.7,0.8047
50〜59歳,313.1,0.9517
50〜59歳,1134.8,0.8355
50〜59歳,554.2,0.9012
50〜59歳,769.0,1.0324
50〜59歳,1647.7,0.9627
50〜59歳,1135.9,1.0201
50〜59歳,619.6,1.1872
50〜59歳,448.3,0.7623
50〜59歳,232.7,1.1441
50〜59歳,490.2,0.9625
50〜59歳,638.4,0.8421
50〜59歳,426.4,0.7904
50〜59歳,665.5,0.9273
50〜59歳,741.6,1.0606
50〜59歳,928.3,1.0377
50〜59歳,633.9,0.9347
50〜59歳,268.7,1.202
50〜59歳,841.1,0.8976
50〜59歳,567.9,1.0027
50〜59歳,1647.8,0.7791
50〜59歳,1411.7,0.918
50〜59歳,1671.7,0.8985
50〜59歳,741.0,0.7582
50〜59歳,309.8,1.0055
50〜59歳,626.9,1.1929
50〜59歳,459.6,0.7864
50〜59歳,2203.2,0.9728
50〜59歳,650.2,0.8706
50〜59歳,759.6,1.0011
50〜59歳,949.1,0.9523
50〜59歳,728.8,0.873
50〜59歳,1720.2,1.0085
50〜59歳,1430.6,0.9421
50〜59歳,515.4,1.1665
50〜59歳,484.3,1.0364
50〜59歳,358.7,0.7948
50〜59歳,518.4,0.8352
50〜59歳,698.9,1.0067
50〜59歳,570.0,1.1281
50〜59歳,497.1,0.9927
50〜59歳,342.9,0.9124
50〜59歳,682.4,0.9499
50〜59歳,325.8,0.8
50〜59歳,1057.9,1.0225
50〜59歳,743.7,1.0559
50〜59歳,333.9,0.8957
50〜59歳,606.7,0.8936
50〜59歳,481.9,0.9819
50〜59歳,788.4,0.9271
50〜59歳,508.2,1.1313
50〜59歳,1048.1,1.0206
50〜59歳,896.6,0.9485
50〜59歳,1086.2,1.1207
50〜59歳,1076.4,1.1587
50〜59歳,287.0,1.0675
50〜59歳,1404.0,0.9602
50〜59歳,300.2,0.853
50〜59歳,1218.9,0.8503
50〜59歳,1280.1,1.0127
50〜59歳,404.0,1.0002
50〜59歳,575.5,1.1182
50〜59歳,400.9,1.0281
50〜59歳,637.2,0.7696
50〜59歳,2151.7,1.0762
50〜59歳,1068.7,0.8302
50〜59歳,2669.6,0.9039
50〜59歳,664.4,0.8783
50〜59歳,1472.2,0.98
50〜59歳,639.1,1.3232
50〜59歳,296.9,1.0228
50〜59歳,468.6,0.928
50〜59歳,1176.8,1.0141
50〜59歳,1650.6,1.0565
50〜59歳,375.0,0.9115
50〜59歳,523.6,1.1654
50〜59歳,702.8,0.9776
50〜59歳,824.3,1.0097
50〜59歳,467.7,1.0299
50〜59歳,556.9,1.0507
50〜59歳,707.2,0.8759
50〜59歳,777.8,0.7759
50〜59歳,946.6,0.883
50〜59歳,531.9,1.1895
50〜59歳,815.8,0.9198
50〜59歳,888.3,1.0006
50〜59歳,625.6,1.0054
50〜59歳,827.9,1.044
50〜59歳,404.1,0.7997
50〜59歳,676.9,1.0564
50〜59歳,1484.0,0.9936
50〜59歳,1029.7,0.6375
50〜59歳,804.4,0.9739
50〜59歳,827.2,0.9985
50〜59歳,1541.5,1.0983
50〜59歳,859.9,0.8215
50〜59歳,393.1,1.0316
50〜59歳,1663.6,1.0931
50〜59歳,700.3,0.7366
50〜59歳,639.4,0.9884
50〜59歳,666.4,0.8895
50〜59歳,267.8,0.9402
50〜59歳,719.5,0.8995
50〜59歳,747.8,0.8915
50〜59歳,535.6,0.9917
50〜59歳,1198.8,1.0933
50〜59歳,1469.8,0.8943
50〜59歳,1386.7,0.7429
50〜59歳,1793.5,1.0055
50〜59歳,509.2,1.03
50〜59歳,1149.1,0.8687
50〜59歳,502.7,0.8323
50〜59歳,1179.6,1.0315
50〜59歳,454.1,0.8197
50〜59歳,1376.0,0.8195
50〜59歳,417.5,0.9541
50〜59歳,774.3,0.8689
50〜59歳,889.7,0.8121
60〜69歳,397.5,0.9793
60〜69歳,744.4,1.0596
60〜69歳,1097.3,0.9316
60〜69歳,315.8,1.0313
60〜69歳,530.5,1.0242
60〜69歳,1101.6,0.9516
60〜69歳,782.7,1.0582
60〜69歳,747.2,0.9083
60〜69歳,1129.5,1.0782
60〜69歳,652.2,1.0476
60〜69歳,635.3,1.0788
60〜69歳,531.1,1.082
60〜69歳,914.3,1.1251
60〜69歳,597.0,0.9865
60〜69歳,654.3,0.8394
60〜69歳,565.3,1.0574
60〜69歳,601.9,1.0521
60〜69歳,1291.8,0.8686
60〜69歳,563.2,1.1178
60〜69歳,851.1,0.8982
60〜69歳,287.4,0.9277
60〜69歳,631.2,1.0001
60〜69歳,1371.8,0.9138
60〜69歳,449.8,1.1097
60〜69歳,318.2,1.0409
60〜69歳,354.3,0.8669
60〜69歳,278.5,0.9049
60〜69歳,389.6,1.1176
60〜69歳,338.7,1.0376
60〜69歳,713.1,1.1175
60〜69歳,705.0,0.9612
60〜69歳,359.5,1.0294
60〜69歳,245.5,1.1708
60〜69歳,329.4,1.1863
60〜69歳,453.6,0.9162
60〜69歳,326.6,1.2525
60〜69歳,489.7,1.1131
60〜69歳,1001.6,1.0327
60〜69歳,394.4,0.9947
60〜69歳,495.3,0.9771
60〜69歳,523.6,0.9862
60〜69歳,808.7,1.0436
60〜69歳,147.4,0.9907
60〜69歳,363.3,0.9303
60〜69歳,569.6,1.0444
60〜69歳,981.3,0.9029
60〜69歳,386.9,1.0651
60〜69歳,180.7,0.9888
60〜69歳,357.6,1.1585
60〜69歳,263.6,1.1584
60〜69歳,359.7,1.0645
60〜69歳,458.2,1.0809
60〜69歳,363.6,0.9748
60〜69歳,150.8,1.1149
60〜69歳,830.6,1.1307
60〜69歳,1022.5,0.8006
60〜69歳,725.7,1.073
60〜69歳,271.3,1.2115
60〜69歳,453.9,0.9701
60〜69歳,505.3,0.9396
60〜69歳,732.4,0.8093
60〜69歳,413.6,1.235
60〜69歳,438.7,0.9497
60〜69歳,511.5,0.9904
60〜69歳,609.8,1.2089
60〜69歳,603.5,1.1527
60〜69歳,656.5,1.0011
60〜69歳,217.9,1.0556
60〜69歳,768.9,0.9679
60〜69歳,710.3,0.6219
60〜69歳,289.9,1.0229
60〜69歳,443.4,1.0628
60〜69歳,496.3,0.7942
60〜69歳,471.0,1.0899
60〜69歳,609.4,0.9807
60〜69歳,1114.4,1.0673
60〜69歳,919.4,0.9849
60〜69歳,758.5,0.9516
60〜69歳,246.4,1.1951
60〜69歳,1053.3,1.1603
60〜69歳,627.4,1.1719
60〜69歳,924.1,0.8633
60〜69歳,1533.9,0.9165
60〜69歳,890.5,1.0832
60〜69歳,581.7,0.9688
60〜69歳,901.1,0.9866
60〜69歳,549.2,1.2001
60〜69歳,513.9,0.9765
60〜69歳,418.0,0.8843
60〜69歳,1198.3,0.9033
60〜69歳,926.9,1.0464
60〜69歳,323.3,1.3255
60〜69歳,714.0,1.0517
60〜69歳,423.1,1.0076
60〜69歳,429.5,0.9893
60〜69歳,736.8,0.9831
60〜69歳,833.0,0.9584
60〜69歳,307.8,1.097
60〜69歳,1169.6,1.0306
60〜69歳,671.6,0.7946
60〜69歳,893.9,1.1645
60〜69歳,1834.5,1.2084
60〜69歳,811.4,1.1232
60〜69歳,278.2,0.8672
60〜69歳,827.5,0.9308
60〜69歳,557.4,0.7599
60〜69歳,687.5,1.2434
60〜69歳,265.7,0.9701
60〜69歳,310.0,1.3467
60〜69歳,704.3,1.2937
60〜69歳,301.0,0.8935
60〜69歳,654.3,0.9208
60〜69歳,239.1,1.0853
60〜69歳,257.5,0.9586
60〜69歳,687.2,0.9447
60〜69歳,715.4,1.2792
60〜69歳,345.7,1.0425
60〜69歳,698.5,0.9801
60〜69歳,585.2,0.9316
60〜69歳,377.1,1.1452
60〜69歳,291.2,0.9505
60〜69歳,172.3,1.013
60〜69歳,1724.4,0.9305
60〜69歳,214.5,0.8075
60〜69歳,534.4,0.8806
60〜69歳,234.1,1.0954
60〜69歳,994.0,0.8923
60〜69歳,808.6,0.7744
60〜69歳,628.2,0.9625
60〜69歳,514.3,0.9805
60〜69歳,176.4,0.8495
60〜69歳,503.3,1.1115
60〜69歳,347.0,0.9672
60〜69歳,386.7,1.3036
60〜69歳,1121.9,0.9594
60〜69歳,254.1,1.064
60〜69歳,793.2,0.8204
60〜69歳,435.0,1.1338
60〜69歳,434.8,0.9112
60〜69歳,783.3,1.1171
60〜69歳,611.4,0.96
60〜69歳,694.1,0.7334
60〜69歳,494.6,1.3033
60〜69歳,863.8,1.0384
60〜69歳,362.2,1.1434
60〜69歳,279.2,1.2378
60〜69歳,322.1,1.2877
60〜69歳,2567.8,1.141
60〜69歳,1005.6,1.059
60〜69歳,241.2,0.8202
60〜69歳,1403.7,1.0483
60〜69歳,661.0,1.0501
60〜69歳,685.3,0.9922
60〜69歳,685.9,1.1086
60〜69歳,440.8,1.1771
60〜69歳,473.3,0.9054
60〜69歳,607.4,0.9032
60〜69歳,1550.9,1.0321
60〜69歳,531.7,1.0005
60〜69歳,409.9,0.8979
60〜69歳,374.9,1.0436
60〜69歳,492.5,1.0017
60〜69歳,2404.4,1.2345
60〜69歳,578.5,0.9773
60〜69歳,667.6,1.1234
60〜69歳,657.5,1.0927
60〜69歳,528.8,1.248
60〜69歳,763.0,1.3671
60〜69歳,661.2,1.3374
60〜69歳,256.7,1.2292
60〜69歳,818.0,1.0939
60〜69歳,826.2,1.2089
60〜69歳,333.3,1.2526
60〜69歳,517.8,0.9994
60〜69歳,813.7,1.2246
60〜69歳,738.5,0.9454
60〜69歳,915.0,0.8973
60〜69歳,1861.1,0.8265
60〜69歳,329.1,1.055
60〜69歳,237.3,0.88
60〜69歳,599.4,0.9103
60〜69歳,754.2,1.1182
60〜69歳,446.7,1.0454
60〜69歳,1127.9,1.0801
60〜69歳,242.9,1.2111
60〜69歳,742.4,1.141
60〜69歳,363.4,1.2326
60〜69歳,1305.6,1.0312
60〜69歳,332.7,1.0704
60〜69歳,452.0,0.9126
60〜69歳,149.6,0.9339
60〜69歳,1517.3,1.2457
60〜69歳,317.5,0.8805
60〜69歳,628.3,0.9086
60〜69歳,314.6,0.9416
60〜69歳,680.5,0.9291
60〜69歳,119.0,0.9715
60〜69歳,508.1,1.175
60〜69歳,607.3,1.004
60〜69歳,843.1,1.1375
60〜69歳,290.4,0.8844
60〜69歳,1517.3,0.9663
60〜69歳,304.8,1.1536
60〜69歳,583.6,0.9072
60〜69歳,309.9,1.1617
60〜69歳,405.2,0.932
60〜69歳,1419.2,1.1215
60〜69歳,725.5,1.2538
60〜69歳,445.7,1.0403
60〜69歳,517.9,1.1063
60〜69歳,228.6,1.0517
60〜69歳,430.1,1.0557
60〜69歳,493.3,1.0121
60〜69歳,2143.6,0.8377
60〜69歳,275.1,1.0688
60〜69歳,1134.7,0.9175
60〜69歳,877.5,1.1286
60〜69歳,591.8,1.2121
60〜69歳,1334.1,0.7672
60〜69歳,446.9,0.7902
60〜69歳,622.3,1.2123
60〜69歳,813.2,0.959
60〜69歳,180.3,1.057
60〜69歳,293.3,0.975
60〜69歳,1599.5,0.9298
60〜69歳,558.4,0.8475
60〜69歳,2619.4,1.1892
60〜69歳,212.0,0.7407
60〜69歳,620.7,1.2584
60〜69歳,426.8,0.8666
60〜69歳,842.0,1.0965
60〜69歳,661.3,1.1423
60〜69歳,639.0,0.8111
60〜69歳,708.1,1.0425
60〜69歳,272.3,1.1148
60〜69歳,658.1,0.9857
60〜69歳,304.7,0.9416
60〜69歳,688.4,0.7369
60〜69歳,306.0,1.0859
60〜69歳,1366.2,1.2927
60〜69歳,1571.7,1.3747
60〜69歳,431.2,0.9061
60〜69歳,889.4,1.1518
60〜69歳,237.7,0.9303
60〜69歳,643.5,0.9504
60〜69歳,1926.5,0.9896
60〜69歳,371.7,0.8776
60〜69歳,450.1,1.0522
60〜69歳,428.0,0.8256
60〜69歳,343.3,0.9051
60〜69歳,522.7,0.96
60〜69歳,255.6,1.1434
60〜69歳,840.5,0.927
60〜69歳,867.4,0.749
60〜69歳,253.8,1.0227
70歳以上,235.4,1.3626
70歳以上,688.8,1.1197
70歳以上,540.7,1.0435
70歳以上,788.5,1.0953
70歳以上,302.1,0.9351
70歳以上,479.2,0.9958
70歳以上,796.9,1.0107
70歳以上,445.5,1.1375
70歳以上,230.7,0.9196
70歳以上,234.0,1.132
70歳以上,357.3,0.8895
70歳以上,953.9,0.9143
70歳以上,575.3,0.9914
70歳以上,669.6,1.0924
70歳以上,146.0,1.1673
70歳以上,842.8,0.9649
70歳以上,454.5,1.1094
70歳以上,237.5,0.9266
70歳以上,404.4,0.9464
70歳以上,709.2,0.8899
70歳以上,131.6,1.0403
70歳以上,328.5,0.8648
70歳以上,470.9,1.3141
70歳以上,359.6,1.2223
70歳以上,477.6,1.0829
70歳以上,658.2,1.3403
70歳以上,235.5,0.9184
70歳以上,622.2,0.9878
70歳以上,197.3,0.9237
70歳以上,206.3,1.1679
70歳以上,1729.7,0.678
70歳以上,748.0,1.2479
70歳以上,239.9,0.8167
70歳以上,356.5,0.9196
70歳以上,314.0,1.0238
70歳以上,594.2,1.0608
70歳以上,290.0,1.2449
70歳以上,317.0,1.3508
70歳以上,410.0,1.0418
70歳以上,431.4,1.085
70歳以上,526.2,1.2849
70歳以上,349.9,0.971
70歳以上,262.8,1.4228
70歳以上,293.3,1.2768
70歳以上,229.0,0.9767
70歳以上,228.0,0.9983
70歳以上,1059.2,1.2253
70歳以上,776.8,1.342
70歳以上,273.2,0.8119
70歳以上,605.2,0.858
70歳以上,547.8,0.8925
70歳以上,907.9,0.9894
70歳以上,349.3,1.0782
70歳以上,115.1,0.95
70歳以上,2933.9,1.1333
70歳以上,362.2,0.7874
70歳以上,116.8,1.0771
70歳以上,327.7,1.0258
70歳以上,229.8,1.2456
70歳以上,90.2,0.7804
70歳以上,283.1,0.9614
70歳以上,194.1,0.8414
70歳以上,900.4,1.1224
70歳以上,415.8,0.9378
70歳以上,789.5,0.8885
70歳以上,120.8,1.2654
70歳以上,511.6,0.9854
70歳以上,196.8,0.9869
70歳以上,1721.8,0.8242
70歳以上,574.4,0.9787
70歳以上,430.9,1.1319
70歳以上,113.5,1.1247
70歳以上,143.4,1.063
70歳以上,253.9,1.1913
70歳以上,467.0,1.1542
70歳以上,1919.8,0.9954
70歳以上,430.8,1.5146
70歳以上,193.6,1.3581
70歳以上,442.6,1.1019
70歳以上,1155.5,1.2606
70歳以上,200.9,0.9347
70歳以上,222.0,1.1993
70歳以上,287.8,1.0416
70歳以上,339.8,1.1651
70歳以上,543.8,1.0718
70歳以上,205.1,0.889
70歳以上,286.1,1.0325
70歳以上,388.3,0.9835
70歳以上,212.9,0.831
70歳以上,482.4,0.9712
70歳以上,401.8,1.0028
70歳以上,556.9,0.976
70歳以上,808.9,1.0357
70歳以上,114.9,1.3187
70歳以上,206.3,0.558
70歳以上,85.9,0.9763
70歳以上,469.1,1.0617
70歳以上,761.1,1.1335
70歳以上,142.6,1.2217
70歳以上,206.1,1.0542
70歳以上,202.1,0.9301
70歳以上,515.1,1.2139
70歳以上,202.8,0.7794
70歳以上,162.6,1.0367
70歳以上,203.1,1.3517
70歳以上,607.8,1.0861
70歳以上,52.6,1.0555
70歳以上,428.0,1.1486
70歳以上,424.1,0.9625
70歳以上,149.0,1.1872
70歳以上,208.2,1.0559
70歳以上,288.8,1.1057
70歳以上,204.5,0.8802
70歳以上,249.5,0.8277
70歳以上,107.4,0.8806
70歳以上,586.0,0.8551
70歳以上,685.0,1.2351
70歳以上,182.8,1.1302
70歳以上,406.2,1.0204
70歳以上,524.5,1.0115
70歳以上,403.7,0.8143
70歳以上,439.0,1.2955
70歳以上,546.2,0.9782
70歳以上,374.7,1.3167
70歳以上,715.5,0.9811
70歳以上,243.0,1.1526
70歳以上,462.8,1.0559
70歳以上,372.8,1.1803
70歳以上,667.4,1.3176
70歳以上,378.6,1.2865
70歳以上,126.4,1.1336
70歳以上,335.9,1.0002
70歳以上,233.8,1.2242
70歳以上,262.0,1.021
70歳以上,296.3,1.0539
70歳以上,306.9,1.3338
70歳以上,259.9,1.1761
70歳以上,912.5,0.9923
70歳以上,99.3,1.3329
70歳以上,207.6,0.9027
70歳以上,1320.1,1.3813
70歳以上,227.8,1.293
70歳以上,358.2,0.8955
70歳以上,435.9,0.9394
70歳以上,239.8,1.0193
70歳以上,364.4,1.0299
70歳以上,793.3,1.2927
70歳以上,630.2,0.8848
70歳以上,301.6,1.2133
70歳以上,278.7,1.0964
70歳以上,401.7,1.0281
70歳以上,581.4,1.2582
70歳以上,451.8,0.9983
70歳以上,594.0,1.0274
70歳以上,179.5,0.9488
70歳以上,212.3,1.0759
70歳以上,599.5,0.8717
70歳以上,620.2,0.9743
70歳以上,158.0,0.8085
70歳以上,189.1,1.3215
70歳以上,262.4,1.0936
70歳以上,277.8,1.0997
70歳以上,224.7,0.9651
70歳以上,327.8,0.93
70歳以上,377.6,0.8247
70歳以上,221.6,0.9553
70歳以上,1121.6,1.0121
70歳以上,333.0,1.2091
70歳以上,156.6,0.9783
70歳以上,561.6,1.2196
70歳以上,1060.5,1.2965
70歳以上,624.3,1.1413
70歳以上,130.2,1.0568
70歳以上,291.1,0.9693
70歳以上,456.2,1.2582
70歳以上,316.5,1.0852
70歳以上,205.4,0.8917
70歳以上,763.5,1.0816
70歳以上,224.5,1.4797
70歳以上,602.4,1.3014
70歳以上,386.4,0.8758
70歳以上,209.2,1.1055
70歳以上,247.3,1.1397
70歳以上,426.7,1.1562
70歳以上,161.8,0.9898
70歳以上,455.1,1.2175
70歳以上,263.5,1.3122
70歳以上,775.1,0.7597
70歳以上,602.8,1.2167
70歳以上,532.8,0.8761
70歳以上,1150.3,1.2871
70歳以上,132.2,1.08
70歳以上,444.0,1.0142
70歳以上,280.2,0.9947
70歳以上,363.3,1.1612
70歳以上,597.7,1.0302
70歳以上,632.3,1.0145
70歳以上,325.3,1.1969
70歳以上,2161.8,1.1158
70歳以上,130.6,1.1663
70歳以上,165.3,1.2157
70歳以上,328.8,1.4226
70歳以上,495.4,1.2057
70歳以上,195.5,1.2225
70歳以上,175.1,1.227
70歳以上,767.2,1.2214
70歳以上,209.8,0.7753
70歳以上,1491.7,0.9563
70歳以上,971.8,0.817
70歳以上,635.6,1.084
70歳以上,198.3,1.372
70歳以上,587.8,1.1756
70歳以上,668.5,0.9321
70歳以上,244.2,1.1488
70歳以上,162.9,1.155
70歳以上,291.1,1.0628
70歳以上,208.5,1.2698
70歳以上,207.3,1.2168
70歳以上,217.0,0.9539
70歳以上,195.0,1.2608
70歳以上,351.6,1.1138
70歳以上,356.4,1.1807
70歳以上,279.2,0.9348
70歳以上,193.4,1.0033
70歳以上,1623.7,1.1523
70歳以上,444.2,0.95
70歳以上,444.7,1.0113
70歳以上,249.0,1.3319
70歳以上,311.0,1.3943
70歳以上,295.8,0.8004
70歳以上,175.6,0.9789
70歳以上,567.0,1.1187
70歳以上,780.0,1.0844
70歳以上,747.9,0.8752
70歳以上,1265.6,1.2686
70歳以上,332.1,1.0827
70歳以上,293.9,1.2497
70歳以上,358.8,0.59
70歳以上,298.7,0.8544
70歳以上,203.4,0.8337
70歳以上,311.5,1.1199
70歳以上,144.6,1.1718
70歳以上,269.6,1.069
70歳以上,973.7,0.9927
70歳以上,481.1,1.4089
70歳以上,738.2,1.1069
70歳以上,325.1,1.2023
70歳以上,352.7,1.1662
70歳以上,439.3,1.0064
70歳以上,185.2,0.8264
70歳以上,285.9,1.1916
70歳以上,755.4,1.0389
70歳以上,490.0,1.0838
70歳以上,717.4,1.0795
70歳以上,1029.3,0.779
70歳以上,352.3,1.2414
70歳以上,692.7,1.3772
70歳以上,543.8,1.0952
70歳以上,743.6,1.0286
70歳以上,351.7,0.782
70歳以上,729.3,0.9008
70歳以上,424.8,1.0584
70歳以上,368.7,1.0324
70歳以上,779.1,1.0255
70歳以上,926.7,1.4931
70歳以上,373.9,0.9252
70歳以上,200.1,1.4052
70歳以上,367.2,1.1181
70歳以上,200.2,0.838
70歳以上,278.3,1.0199
70歳以上,353.2,1.141
70歳以上,379.8,1.269
70歳以上,224.6,1.0169
70歳以上,293.5,1.4052
70歳以上,392.8,1.0433
70歳以上,388.7,1.0139
70歳以上,209.7,1.1796
70歳以上,448.0,1.2872
70歳以上,282.7,1.2322
70歳以上,294.7,1.1482
70歳以上,240.1,1.0843
70歳以上,869.1,1.148
70歳以上,209.7,1.1366
70歳以上,476.2,0.8959
70歳以上,527.7,0.9487
70歳以上,721.7,1.2594
70歳以上,357.1,1.2228
70歳以上,1378.0,0.8306
70歳以上,139.0,1.1137
70歳以上,325.4,1.0931
70歳以上,1491.9,0.9129
70歳以上,503.2,1.0402
70歳以上,267.8,1.1895
70歳以上,138.4,1.1451
70歳以上,372.5,1.3332
70歳以上,339.9,0.9039
70歳以上,1235.2,1.2487
70歳以上,366.5,1.1651
70歳以上,1242.8,0.9732
70歳以上,766.6,1.0345
